INSERT INTO students (nim, name, address) values ('M0520001', 'Nara Arthur', '9 Hauk Pass');
INSERT INTO students (nim, name, address) values ('M0520002', 'Kippy Cariss', '1525 Garrison Terrace');
INSERT INTO students (nim, name, address) values ('M0520003', 'Loydie Tomson', '0 Continental Drive');
INSERT INTO students (nim, name, address) values ('M0520004', 'Albina Antonopoulos', '1258 1st Parkway');
INSERT INTO students (nim, name, address) values ('M0520005', 'Corine Asals', '31853 Clarendon Park');
INSERT INTO students (nim, name, address) values ('M0520006', 'Gilli Clemett', '7 Warner Street');
INSERT INTO students (nim, name, address) values ('M0520007', 'Kristi Landsbury', '0566 Cascade Drive');
INSERT INTO students (nim, name, address) values ('M0520008', 'Barnaby Mouncher', '4 Superior Place');
INSERT INTO students (nim, name, address) values ('M0520009', 'Marchall Worts', '701 Cody Alley');
INSERT INTO students (nim, name, address) values ('M0520010', 'Diarmid Lightwing', '16391 Village Green Court');
INSERT INTO students (nim, name, address) values ('M0520011', 'Mile Simonnet', '38 Almo Lane');
INSERT INTO students (nim, name, address) values ('M0520012', 'Niall Clink', '504 Quincy Terrace');
INSERT INTO students (nim, name, address) values ('M0520013', 'Charmine Lynn', '1 Magdeline Drive');
INSERT INTO students (nim, name, address) values ('M0520014', 'Georgeanne Joselin', '7280 Cottonwood Way');
INSERT INTO students (nim, name, address) values ('M0520015', 'Vin Gell', '87 Buena Vista Parkway');
INSERT INTO students (nim, name, address) values ('M0520016', 'Jarred Bartosik', '68 Rutledge Circle');
INSERT INTO students (nim, name, address) values ('M0520017', 'Hetti Ingliss', '6211 Heffernan Place');
INSERT INTO students (nim, name, address) values ('M0520018', 'Jarvis Glasspoole', '868 5th Park');
INSERT INTO students (nim, name, address) values ('M0520019', 'Elden Stopps', '1 Macpherson Way');
INSERT INTO students (nim, name, address) values ('M0520020', 'Anthe Bartlomiejczyk', '96 Arizona Way');
INSERT INTO students (nim, name, address) values ('M0520021', 'Christean Minett', '5456 Iowa Terrace');
INSERT INTO students (nim, name, address) values ('M0520022', 'Griff Philipard', '3 Arrowood Street');
INSERT INTO students (nim, name, address) values ('M0520023', 'Rhiamon Dorot', '39 Mayfield Pass');
INSERT INTO students (nim, name, address) values ('M0520024', 'Kaela Barrar', '83599 Holy Cross Parkway');
INSERT INTO students (nim, name, address) values ('M0520025', 'Deena Dolan', '02 Moose Pass');
INSERT INTO students (nim, name, address) values ('M0520026', 'Allin O Mullen', '545 Delaware Junction');
INSERT INTO students (nim, name, address) values ('M0520027', 'Mellie Elwell', '00693 Columbus Plaza');
INSERT INTO students (nim, name, address) values ('M0520028', 'Rae Eim', '1 Kensington Center');
INSERT INTO students (nim, name, address) values ('M0520029', 'Bondie Mills', '85 Oakridge Street');
INSERT INTO students (nim, name, address) values ('M0520030', 'Carolann Abbe', '39 Becker Point');
INSERT INTO students (nim, name, address) values ('M0520031', 'Lazare Hallstone', '9854 Anzinger Trail');
INSERT INTO students (nim, name, address) values ('M0520032', 'Sheilah Doughartie', '42 Emmet Circle');
INSERT INTO students (nim, name, address) values ('M0520033', 'Hakim Howorth', '82 Sachs Crossing');
INSERT INTO students (nim, name, address) values ('M0520034', 'Britteny Le Friec', '00999 Spaight Way');
INSERT INTO students (nim, name, address) values ('M0520035', 'Anne Fishleigh', '6 Susan Park');
INSERT INTO students (nim, name, address) values ('M0520036', 'Brigham Bayns', '70992 Utah Park');
INSERT INTO students (nim, name, address) values ('M0520037', 'Libby Jills', '23464 Ohio Avenue');
INSERT INTO students (nim, name, address) values ('M0520038', 'Sebastiano Castle', '65176 Center Terrace');
INSERT INTO students (nim, name, address) values ('M0520039', 'Sterne Furnival', '1 Main Street');
INSERT INTO students (nim, name, address) values ('M0520040', 'Carolus Cadney', '1635 Cascade Hill');
INSERT INTO students (nim, name, address) values ('M0520041', 'Olin Giffen', '9 La Follette Circle');
INSERT INTO students (nim, name, address) values ('M0520042', 'Vina De Biaggi', '5 Ramsey Alley');
INSERT INTO students (nim, name, address) values ('M0520043', 'Robbi Baglow', '39643 Bayside Court');
INSERT INTO students (nim, name, address) values ('M0520044', 'Phedra Meininger', '477 Doe Crossing Crossing');
INSERT INTO students (nim, name, address) values ('M0520045', 'Abdel Stallan', '80 Melby Center');
INSERT INTO students (nim, name, address) values ('M0520046', 'Fairfax Vandrill', '1 Village Green Plaza');
INSERT INTO students (nim, name, address) values ('M0520047', 'Ricky Leavens', '18207 Toban Avenue');
INSERT INTO students (nim, name, address) values ('M0520048', 'Lazaro Spanton', '1819 Anzinger Lane');
INSERT INTO students (nim, name, address) values ('M0520049', 'Shelly Plain', '1 Dwight Avenue');
INSERT INTO students (nim, name, address) values ('M0520050', 'Winn Dornan', '89 Meadow Ridge Street');

insert into lecturers (nip, name, address) values ('196004001963032901', 'Flora Dancey', '97148 Heath Way');
insert into lecturers (nip, name, address) values ('194104201973093101', 'Baryram Loughhead', '81517 Commercial Place');
insert into lecturers (nip, name, address) values ('195510001985100910', 'Marius Chicchelli', '253 Brickson Park Court');
insert into lecturers (nip, name, address) values ('195603261972091002', 'Georgy Thoumasson', '3 Hanson Point');
insert into lecturers (nip, name, address) values ('195505231960032608', 'Dena Sponton', '09 Bultman Court');
insert into lecturers (nip, name, address) values ('194005061965002903', 'Charlie Baress', '83 Maywood Street');
insert into lecturers (nip, name, address) values ('195805231972121207', 'Krystal Rosevear', '987 Stephen Way');
insert into lecturers (nip, name, address) values ('195203001990031305', 'George Fairlamb', '03865 Homewood Avenue');
insert into lecturers (nip, name, address) values ('196002251982121302', 'Bertie Luebbert', '301 Grim Center');
insert into lecturers (nip, name, address) values ('194006041976120308', 'Rahal Jantzen', '9820 Kenwood Pass');
insert into lecturers (nip, name, address) values ('195709041961041607', 'Dorothea Kain', '3326 Lawn Park');
insert into lecturers (nip, name, address) values ('195802021971032009', 'Zacharias Ough', '3 Melvin Lane');
insert into lecturers (nip, name, address) values ('195605261961000308', 'Sheffield Jalland', '36 Dixon Drive');
insert into lecturers (nip, name, address) values ('194100311981101801', 'Guntar Highman', '020 Walton Drive');
insert into lecturers (nip, name, address) values ('195202241967022000', 'Susy Cridge', '9461 Division Avenue');
insert into lecturers (nip, name, address) values ('195807131964082110', 'Sheelagh McArthur', '0618 Westerfield Street');
insert into lecturers (nip, name, address) values ('195404281981001107', 'Jerrie Harbidge', '8312 Mitchell Place');
insert into lecturers (nip, name, address) values ('194202101971050306', 'Kyla Marley', '531 Montana Trail');
insert into lecturers (nip, name, address) values ('194107261961092507', 'Vitia Ferrettini', '004 Harper Drive');
insert into lecturers (nip, name, address) values ('194500191961060909', 'Willabella Marousek', '35 Debs Center');
insert into lecturers (nip, name, address) values ('194502301960072709', 'Henry Clogg', '09324 Gulseth Trail');
insert into lecturers (nip, name, address) values ('195110081963021202', 'Gwenni Blakemore', '92651 Cardinal Point');
insert into lecturers (nip, name, address) values ('194500161982041300', 'Fulton Rathmell', '4 Eliot Avenue');
insert into lecturers (nip, name, address) values ('194404071970032303', 'Wendall Whinney', '1 Coleman Circle');
insert into lecturers (nip, name, address) values ('194911271976030010', 'Christiana Duthie', '15 Stephen Alley');
insert into lecturers (nip, name, address) values ('194211101965060306', 'Gaby Shilton', '8951 La Follette Junction');
insert into lecturers (nip, name, address) values ('194001131965110008', 'Jenica Vallentin', '941 Logan Pass');
insert into lecturers (nip, name, address) values ('194111281966020107', 'Ethelin Streatfield', '2 1st Circle');
insert into lecturers (nip, name, address) values ('195609091968073106', 'Terry Buckberry', '0 Hagan Crossing');
insert into lecturers (nip, name, address) values ('194310271981050700', 'Corinne Bermingham', '94 Tennessee Junction');

INSERT INTO courses (code, name, credit, semester, lecturer_nip) values ('IF001', 'Kalkulus 1', 4, 2, '195807131964082110');
INSERT INTO courses (code, name, credit, semester, lecturer_nip) values ('IF002', 'Kalkulus 2', 4, 1, '195404281981001107');
INSERT INTO courses (code, name, credit, semester, lecturer_nip) values ('IF003', 'Kalkulus 3', 4, 2, '195110081963021202');
INSERT INTO courses (code, name, credit, semester, lecturer_nip) values ('IF004', 'Aljabar Linear', 3, 1, '195609091968073106');
INSERT INTO courses (code, name, credit, semester, lecturer_nip) values ('IF005', 'Komputasi Cloud', 3, 2, '195202241967022000');
INSERT INTO courses (code, name, credit, semester, lecturer_nip) values ('IF006', 'Arsitektur Komputer', 3, 1, '195802021971032009');
INSERT INTO courses (code, name, credit, semester, lecturer_nip) values ('IF007', 'Sistem Operasi', 3, 2, '195605261961000308');
INSERT INTO courses (code, name, credit, semester, lecturer_nip) values ('IF008', 'Basis Data', 3, 1, '195203001990031305');
INSERT INTO courses (code, name, credit, semester, lecturer_nip) values ('IF009', 'Sistem Terdistribusi', 3, 1, '194006041976120308');
INSERT INTO courses (code, name, credit, semester, lecturer_nip) values ('IF010', 'Sistem Informasi', 3, 2, '195510001985100910');
INSERT INTO courses (code, name, credit, semester, lecturer_nip) values ('IF011', 'Pemrograman Berorientasi Objek', 3, 2, '195709041961041607');
INSERT INTO courses (code, name, credit, semester, lecturer_nip) values ('IF012', 'Pemrograman Web', 3, 1, '195805231972121207');
INSERT INTO courses (code, name, credit, semester, lecturer_nip) values ('IF013', 'Matematika Diskrit 1e', 3, 2, '195603261972091002');
INSERT INTO courses (code, name, credit, semester, lecturer_nip) values ('IF014', 'Matematika Diskrit 2', 3, 1, '194005061965002903');
INSERT INTO courses (code, name, credit, semester, lecturer_nip) values ('IF015', 'Pendidikan Kewarganegaraan', 3, 1, '195505231960032608');
INSERT INTO courses (code, name, credit, semester, lecturer_nip) values ('IF016', 'Pengolahan Citra', 3, 2, '194104201973093101');
INSERT INTO courses (code, name, credit, semester, lecturer_nip) values ('IF017', 'Interaksi Manusia Komputer', 3, 2, '196002251982121302');
INSERT INTO courses (code, name, credit, semester, lecturer_nip) values ('IF018', 'Organisasi Sistem Komputerl', 3, 1, '194100311981101801');
INSERT INTO courses (code, name, credit, semester, lecturer_nip) values ('IF019', 'Sistem Operasi', 3, 2, '194502301960072709');
INSERT INTO courses (code, name, credit, semester, lecturer_nip) values ('IF020', 'Jaringan Komputer', 3, 2, '194107261961092507');
INSERT INTO courses (code, name, credit, semester, lecturer_nip) values ('IF021', 'Teori Bahasa & Automata', 3, 1, '194500191961060909');
INSERT INTO courses (code, name, credit, semester, lecturer_nip) values ('IF022', 'Data Mining', 3, 1, '194202101971050306');
INSERT INTO courses (code, name, credit, semester, lecturer_nip) values ('IF023', 'Pengolahan Sinyal Digital', 3, 2, '194911271976030010');
INSERT INTO courses (code, name, credit, semester, lecturer_nip) values ('IF024', 'Logika Samar', 3, 2, '194211101965060306');
INSERT INTO courses (code, name, credit, semester, lecturer_nip) values ('IF025', 'Riset Operasi', 3, 1, '194001131965110008');
INSERT INTO courses (code, name, credit, semester, lecturer_nip) values ('IF026', 'Komputasi Grid', 3, 1, '194111281966020107');
INSERT INTO courses (code, name, credit, semester, lecturer_nip) values ('IF027', 'Wireless & Mobile Computing', 3, 2, '195609091968073106');
INSERT INTO courses (code, name, credit, semester, lecturer_nip) values ('IF028', 'Biometric', 3, 2, '194310271981050700');

insert into enrollments (student_nim, course_code, grade) values ('M0520014', 'IF018', 3);
insert into enrollments (student_nim, course_code, grade) values ('M0520019', 'IF012', 3.25);
insert into enrollments (student_nim, course_code, grade) values ('M0520047', 'IF015', 3);
insert into enrollments (student_nim, course_code, grade) values ('M0520044', 'IF019', 2);
insert into enrollments (student_nim, course_code, grade) values ('M0520041', 'IF007', 4);
insert into enrollments (student_nim, course_code, grade) values ('M0520003', 'IF013', 2.25);
insert into enrollments (student_nim, course_code, grade) values ('M0520021', 'IF022', 4);
insert into enrollments (student_nim, course_code, grade) values ('M0520010', 'IF011', 2.25);
insert into enrollments (student_nim, course_code, grade) values ('M0520004', 'IF024', 2.5);
insert into enrollments (student_nim, course_code, grade) values ('M0520009', 'IF026', 2);
insert into enrollments (student_nim, course_code, grade) values ('M0520008', 'IF005', 2);
insert into enrollments (student_nim, course_code, grade) values ('M0520002', 'IF007', 3.5);
insert into enrollments (student_nim, course_code, grade) values ('M0520027', 'IF020', 3.5);
insert into enrollments (student_nim, course_code, grade) values ('M0520031', 'IF018', 2.25);
insert into enrollments (student_nim, course_code, grade) values ('M0520009', 'IF027', 2);
insert into enrollments (student_nim, course_code, grade) values ('M0520014', 'IF016', 2.5);
insert into enrollments (student_nim, course_code, grade) values ('M0520027', 'IF015', 2.25);
insert into enrollments (student_nim, course_code, grade) values ('M0520035', 'IF008', 3.5);
insert into enrollments (student_nim, course_code, grade) values ('M0520019', 'IF024', 3);
insert into enrollments (student_nim, course_code, grade) values ('M0520037', 'IF025', 2.5);
insert into enrollments (student_nim, course_code, grade) values ('M0520026', 'IF002', 3.75);
insert into enrollments (student_nim, course_code, grade) values ('M0520004', 'IF012', 2);
insert into enrollments (student_nim, course_code, grade) values ('M0520003', 'IF015', 3.75);
insert into enrollments (student_nim, course_code, grade) values ('M0520043', 'IF006', 2.25);
insert into enrollments (student_nim, course_code, grade) values ('M0520028', 'IF027', 3);
insert into enrollments (student_nim, course_code, grade) values ('M0520045', 'IF005', 2.75);
insert into enrollments (student_nim, course_code, grade) values ('M0520010', 'IF010', 2.5);
insert into enrollments (student_nim, course_code, grade) values ('M0520049', 'IF028', 2.75);
insert into enrollments (student_nim, course_code, grade) values ('M0520045', 'IF010', 2.75);
insert into enrollments (student_nim, course_code, grade) values ('M0520048', 'IF016', 2.25);
insert into enrollments (student_nim, course_code, grade) values ('M0520020', 'IF011', 3.5);
insert into enrollments (student_nim, course_code, grade) values ('M0520006', 'IF014', 3.75);
insert into enrollments (student_nim, course_code, grade) values ('M0520028', 'IF019', 3.25);
insert into enrollments (student_nim, course_code, grade) values ('M0520035', 'IF003', 3);
insert into enrollments (student_nim, course_code, grade) values ('M0520023', 'IF017', 2.75);
insert into enrollments (student_nim, course_code, grade) values ('M0520041', 'IF021', 2.5);
insert into enrollments (student_nim, course_code, grade) values ('M0520011', 'IF005', 3.75);
insert into enrollments (student_nim, course_code, grade) values ('M0520028', 'IF009', 4);
insert into enrollments (student_nim, course_code, grade) values ('M0520023', 'IF014', 3.5);
insert into enrollments (student_nim, course_code, grade) values ('M0520013', 'IF009', 2.25);
insert into enrollments (student_nim, course_code, grade) values ('M0520007', 'IF027', 4);
insert into enrollments (student_nim, course_code, grade) values ('M0520047', 'IF001', 2.5);
insert into enrollments (student_nim, course_code, grade) values ('M0520007', 'IF006', 2.25);
insert into enrollments (student_nim, course_code, grade) values ('M0520040', 'IF017', 3.5);
insert into enrollments (student_nim, course_code, grade) values ('M0520033', 'IF026', 2.75);
insert into enrollments (student_nim, course_code, grade) values ('M0520005', 'IF019', 3.25);
insert into enrollments (student_nim, course_code, grade) values ('M0520037', 'IF002', 2);
insert into enrollments (student_nim, course_code, grade) values ('M0520042', 'IF014', 3.75);
insert into enrollments (student_nim, course_code, grade) values ('M0520019', 'IF011', 2.25);
insert into enrollments (student_nim, course_code, grade) values ('M0520030', 'IF027', 2);
insert into enrollments (student_nim, course_code, grade) values ('M0520019', 'IF018', 2.5);
insert into enrollments (student_nim, course_code, grade) values ('M0520010', 'IF017', 3.75);
insert into enrollments (student_nim, course_code, grade) values ('M0520011', 'IF009', 3.25);
insert into enrollments (student_nim, course_code, grade) values ('M0520011', 'IF026', 3);
insert into enrollments (student_nim, course_code, grade) values ('M0520018', 'IF007', 2);
insert into enrollments (student_nim, course_code, grade) values ('M0520016', 'IF017', 2.5);
insert into enrollments (student_nim, course_code, grade) values ('M0520027', 'IF028', 3.25);
insert into enrollments (student_nim, course_code, grade) values ('M0520036', 'IF001', 4);
insert into enrollments (student_nim, course_code, grade) values ('M0520047', 'IF012', 4);
insert into enrollments (student_nim, course_code, grade) values ('M0520048', 'IF012', 3.75);
insert into enrollments (student_nim, course_code, grade) values ('M0520048', 'IF007', 3.25);
insert into enrollments (student_nim, course_code, grade) values ('M0520050', 'IF021', 3.5);
insert into enrollments (student_nim, course_code, grade) values ('M0520019', 'IF003', 3.75);
insert into enrollments (student_nim, course_code, grade) values ('M0520013', 'IF005', 3);
insert into enrollments (student_nim, course_code, grade) values ('M0520038', 'IF001', 4);
insert into enrollments (student_nim, course_code, grade) values ('M0520035', 'IF016', 2.25);
insert into enrollments (student_nim, course_code, grade) values ('M0520024', 'IF008', 3.75);
insert into enrollments (student_nim, course_code, grade) values ('M0520005', 'IF006', 3.25);
insert into enrollments (student_nim, course_code, grade) values ('M0520033', 'IF019', 3.75);
insert into enrollments (student_nim, course_code, grade) values ('M0520028', 'IF010', 3.75);
insert into enrollments (student_nim, course_code, grade) values ('M0520026', 'IF020', 2.25);
insert into enrollments (student_nim, course_code, grade) values ('M0520038', 'IF010', 2);
insert into enrollments (student_nim, course_code, grade) values ('M0520019', 'IF026', 2.5);
insert into enrollments (student_nim, course_code, grade) values ('M0520035', 'IF024', 3.5);
insert into enrollments (student_nim, course_code, grade) values ('M0520018', 'IF019', 2);
insert into enrollments (student_nim, course_code, grade) values ('M0520029', 'IF013', 3.5);
insert into enrollments (student_nim, course_code, grade) values ('M0520023', 'IF005', 3.25);


